date,dele_category_count,modif_count,modif_category_count,modif_bakery_count,modif_bakery_category_count,modif_dairy_count,modif_dairy_category_count,modif_price10_count,modif_price10_category_count,modif_price20_count,modif_price20_category_count,modif_price20above_count,modif_price20above_category_count,week_sale_value,week_perish,week_shortage,week_dairy_sale_value,week_dairy_perish,week_dairy_shortage,week_bakery_sale_value,week_bakery_perish,week_bakery_shortage,week_price10_sale_value,week_price10_perish,week_price10_shortage,week_price20_sale_value,week_price20_perish,week_price20_shortage,week_price20above_sale_value,week_price20above_perish,week_price20above_shortage,pre_sale,pre_perish,pre_shortage,pre_sale_dairy,pre_sale_bakery,pre_sale_price10,pre_sale_price20,pre_sale_price20above,days,week_sale_value,week_order_value,week_order_category,week_order_item,week_order_bakery_value,week_order_bakery_category,week_order_bakery_item,week_order_dairy_value,week_order_dairy_category,week_order_dairy_item,week_order_price10_value,week_order_price10_category,week_order_price10_item,week_order_price20_value,week_order_price20_category,week_order_price20_item,week_order_price20above_value,week_order_price20above_category,week_order_price20above_item,week_AI_Perish,week_AI_Shortage,week_manager_Perish,week_manager_Shortage,week_AI_bakery_Perish,week_AI_bakery_Shortage,week_manager_bakery_Perish,week_manager_bakery_Shortage,week_AI_dairy_Perish,week_AI_dairy_Shortage,week_manager_dairy_Perish,week_manager_dairy_Shortage,week_AI_price10_Perish,week_AI_price10_Shortage,week_manager_price10_Perish,week_manager_price10_Shortage,week_AI_price20_Perish,week_AI_price20_Shortage,week_manager_price20_Perish,week_manager_price20_Shortage,week_AI_price20above_Perish,week_AI_price20above_Shortage,week_manager_price20above_Perish,week_manager_price20above_Shortage
2018-04-10,189,16,257,11,139,5,118,14,243,2,14,0,0,579657.0,136.67999999999998,241236.82416505064,325502.0,13.200000000000001,162577.69587182684,254155.0,123.47999999999999,78659.12829322381,255101.0,116.52,69187.55837408206,142472.0,6.96,28337.954866598833,182084.0,13.200000000000001,143711.31092436975,711685.3333333333,254.63940833333336,271730.46976017253,420617.98333333334,291067.35000000003,307380.5,104344.33333333334,299960.5,0,57,0.0,0,0,0.0,0,0,0.0,0,0,0.0,0,0,0.0,0,0,0.0,0,0,0.0,0.0,0.0,0.0,0.0,0.0,0.0,0.0,0.0,0.0,0.0,0.0,0.0,0.0,0.0,0.0,0.0,0.0,0.0,0.0,0.0,0.0,0.0,0.0
2018-04-16,143,24,661,9,112,15,549,18,590,3,52,3,19,682789.0,326.3299999999999,118371.55045388053,397194.5,14.5,54986.17207725196,285594.5,311.82999999999987,63385.37837662852,296369.0,235.27,59788.91489439352,147216.0,91.05999999999999,26236.52100840336,239204.0,0.0,32346.114551083592,711685.3333333333,254.63940833333336,271730.46976017253,420617.98333333334,291067.35000000003,307380.5,104344.33333333334,299960.5,6,68,14979.399999999992,3838,497,8845.15,2839,308,6134.250000000004,999,182,9647.679999999998,3403,371,3358.8200000000006,322,77,1972.8999999999999,113,49,0.0,0.0,0.0,0.0,0.0,0.0,0.0,0.0,0.0,0.0,0.0,0.0,0.0,0.0,0.0,0.0,0.0,0.0,0.0,0.0,0.0,0.0,0.0,0.0
2018-04-23,397,46,554,25,212,21,342,32,469,4,19,10,66,685423.5,386.8799999999998,129473.68028343306,394339.5,80.08000000000001,43751.18339920949,291084.0,306.7999999999999,85722.4968842236,298143.5,325.42,69879.79135394823,153178.0,61.46,35534.74607234198,234102.0,0.0,24059.142857142855,711685.3333333333,254.63940833333336,271730.46976017253,420617.98333333334,291067.35000000003,307380.5,104344.33333333334,299960.5,13,68,13171.72,3426,497,7996.4100000000035,2615,308,5175.310000000001,811,182,8602.56,3063,371,2859.7999999999993,267,77,1709.36,96,49,0.0,0.0,0.0,0.0,0.0,0.0,0.0,0.0,0.0,0.0,0.0,0.0,0.0,0.0,0.0,0.0,0.0,0.0,0.0,0.0,0.0,0.0,0.0,0.0
2018-04-30,205,41,297,23,171,18,126,19,222,13,53,9,22,702556.5,270.35,184343.7956067062,401872.0,54.0,70758.90123652542,300684.5,216.35000000000002,113584.89437018093,299849.5,232.67000000000002,117425.36218812152,166248.0,7.68,34025.12907075873,236459.0,30.0,32893.30434782609,711685.3333333333,254.63940833333336,271730.46976017253,420617.98333333334,291067.35000000003,307380.5,104344.33333333334,299960.5,20,70,13425.74,3404,497,8136.520000000004,2618,308,5289.22,786,182,8312.880000000003,2991,371,3308.14,311,77,1804.72,102,49,0.0,4272.0,0.0,3760.0,0.0,4272.0,0.0,3760.0,0.0,0.0,0.0,0.0,0.0,0.0,0.0,0.0,0.0,4272.0,0.0,3760.0,0.0,0.0,0.0,0.0
2018-05-07,414,72,424,42,287,30,137,39,276,17,72,16,76,736571.5,328.27000000000004,142606.8639746219,428609.5,14.5,43528.765380439996,307962.0,313.77000000000004,99078.09859418185,300952.5,258.0900000000001,80364.20369248911,155922.0,70.17999999999999,49732.069189015325,279697.0,0.0,12510.591093117408,711685.3333333333,254.63940833333336,271730.46976017253,420617.98333333334,291067.35000000003,307380.5,104344.33333333334,299960.5,27,73,12764.519999999997,3452,497,8088.650000000005,2653,308,4675.870000000001,799,182,8601.690000000006,3100,371,2939.0599999999986,281,77,1223.77,71,49,0.0,19375.5,0.0,18524.5,0.0,5790.5,0.0,5539.5,0.0,13585.0,0.0,12985.0,0.0,1663.5,0.0,1444.5,0.0,6632.0,0.0,6240.0,0.0,11080.0,0.0,10840.0
2018-05-14,310,71,517,42,358,29,159,41,413,16,49,14,55,746792.5,377.4599999999999,115099.70417137045,464515.5,14.5,16235.712916907656,282277.0,362.9599999999999,98863.9912544628,286943.5,335.1199999999999,93626.1670558544,158566.0,42.34,21116.965686944637,301283.0,0.0,356.57142857142856,711685.3333333333,254.63940833333336,271730.46976017253,420617.98333333334,291067.35000000003,307380.5,104344.33333333334,299960.5,34,74,15630.34000000001,3946,497,7968.45,2688,308,7661.889999999999,1258,182,10682.340000000002,3571,371,2943.4599999999987,262,77,2004.5399999999997,113,49,0.0,2112.3,900.3000000000001,1390.8,0.0,374.29999999999995,0.0,386.79999999999995,0.0,1738.0,900.3000000000001,1004.0,0.0,2112.3,900.3000000000001,1390.8,0.0,0.0,0.0,0.0,0.0,0.0,0.0,0.0
2018-05-21,641,108,771,67,519,41,252,69,573,19,101,20,97,738297.5,187.72,154116.66058100824,453729.5,29.0,38636.99892264598,284568.0,158.72,115479.66165836225,279276.5,136.44000000000003,112778.6661651042,162692.0,51.28,35444.70029825695,296329.0,0.0,5893.2941176470595,711685.3333333333,254.63940833333336,271730.46976017253,420617.98333333334,291067.35000000003,307380.5,104344.33333333334,299960.5,41,73,13667.310000000003,3519,491,8429.42,2792,309,5237.890000000001,727,175,9182.97,3159,372,2954.7999999999993,273,77,1529.5400000000002,87,42,0.0,27835.166666666664,314.32,28885.666666666664,0.0,6990.666666666666,0.82,6928.666666666666,0.0,20844.5,313.5,21957.0,0.0,9159.166666666666,314.32,9273.666666666666,0.0,996.0,0.0,852.0,0.0,17680.0,0.0,18760.0
2018-05-28,459,101,688,52,379,49,309,58,511,21,108,22,69,774651.0,201.42999999999998,333419.6508830291,477384.0,0.0,240188.9168277543,297267.0,201.42999999999998,93230.73405527484,297095.0,150.67,86111.80165655228,165694.0,50.76,84054.81884447494,311862.0,0.0,163253.0303820019,711685.3333333333,254.63940833333336,271730.46976017253,420617.98333333334,291067.35000000003,307380.5,104344.33333333334,299960.5,48,77,15816.850000000011,3985,499,9251.730000000009,2993,315,6565.120000000003,992,177,9866.990000000013,3512,378,3638.1400000000003,341,77,2311.7200000000003,132,44,0.0,3534.0,0.0,3066.0,0.0,0.0,0.0,0.0,0.0,3534.0,0.0,3066.0,0.0,1470.0,0.0,1290.0,0.0,0.0,0.0,0.0,0.0,2064.0,0.0,1776.0
2018-06-04,272,56,528,40,410,16,118,40,472,8,28,8,28,733338.0,264.26,458538.5249633506,441983.5,0.0,344266.5975978883,291354.5,264.26,114271.92736546216,294797.0,235.7,103967.5731885761,150292.0,28.56,65588.86606048861,288249.0,0.0,288982.0857142857,711685.3333333333,254.63940833333336,271730.46976017253,420617.98333333334,291067.35000000003,307380.5,104344.33333333334,299960.5,55,73,16085.689999999993,4101,504,9403.240000000003,3099,315,6682.450000000001,1002,182,10144.880000000001,3633,378,3601.8599999999988,335,77,2338.95,133,49,0.0,0.0,0.0,0.0,0.0,0.0,0.0,0.0,0.0,0.0,0.0,0.0,0.0,0.0,0.0,0.0,0.0,0.0,0.0,0.0,0.0,0.0,0.0,0.0
2018-06-11,67,20,155,10,123,10,32,8,116,7,20,5,19,740460.5,230.39,178580.74728800607,454351.0,30.0,110723.671006393,286109.5,200.39,67857.07628161319,298859.5,157.90999999999997,63938.04470761439,128410.0,72.48,36045.378210643845,313191.0,0.0,78597.32436974789,711685.3333333333,254.63940833333336,271730.46976017253,420617.98333333334,291067.35000000003,307380.5,104344.33333333334,299960.5,62,74,12996.179999999993,3495,504,8289.880000000001,2761,315,4706.300000000001,734,182,8719.240000000003,3137,378,2950.0399999999995,281,77,1326.8999999999999,77,49,0.0,0.0,0.0,0.0,0.0,0.0,0.0,0.0,0.0,0.0,0.0,0.0,0.0,0.0,0.0,0.0,0.0,0.0,0.0,0.0,0.0,0.0,0.0,0.0
2018-06-18,140,46,509,12,286,34,223,19,380,17,89,10,40,758264.0,516.0899999999998,433505.4881722038,477061.0,0.0,368086.59107342607,281203.0,516.0899999999998,65418.897098777714,277489.0,458.96999999999986,63419.54237372982,177602.0,57.120000000000005,33438.419074424026,303173.0,0.0,336647.52672405,711685.3333333333,254.63940833333336,271730.46976017253,420617.98333333334,291067.35000000003,307380.5,104344.33333333334,299960.5,69,75,16105.200000000004,4331,504,9702.340000000006,3260,315,6402.860000000001,1071,182,10695.040000000003,3894,378,3121.7999999999997,306,77,2288.36,131,49,0.0,25838.642857142855,0.0,25501.642857142855,0.0,4721.5,0.0,4620.5,0.0,21117.142857142855,0.0,20881.142857142855,0.0,4721.5,0.0,4620.5,0.0,10996.0,0.0,10856.0,0.0,10121.142857142857,0.0,10025.142857142857
2018-06-25,391,66,808,31,459,35,349,41,603,14,124,11,81,731102.5,156.53,309194.2312266411,443292.0,0.0,190348.98289788008,287810.5,156.53,118845.24832876102,290637.5,156.53,115593.58652606425,159938.0,0.0,49902.0842610165,280527.0,0.0,143698.56043956042,711685.3333333333,254.63940833333336,271730.46976017253,420617.98333333334,291067.35000000003,307380.5,104344.33333333334,299960.5,76,73,14978.48,3951,511,8986.120000000004,3013,322,5992.3600000000015,938,182,9922.330000000002,3551,378,3112.8399999999992,288,84,1943.3100000000002,112,49,22.68,2657.5333333333338,45.36,2619.5333333333338,22.68,2657.5333333333338,45.36,2619.5333333333338,0.0,0.0,0.0,0.0,22.68,2657.5333333333338,45.36,2619.5333333333338,0.0,0.0,0.0,0.0,0.0,0.0,0.0,0.0
2018-07-02,241,60,625,25,263,35,362,36,428,14,101,10,96,730789.0,218.09,157105.12648631044,414208.5,0.0,74963.62775712418,316580.5,218.09,82141.49872918618,321451.0,211.13,74583.48435671654,156400.0,6.96,51786.52749685814,252938.0,0.0,30735.114632735687,711685.3333333333,254.63940833333336,271730.46976017253,420617.98333333334,291067.35000000003,307380.5,104344.33333333334,299960.5,83,73,16340.249999999995,4212,508,9794.120000000004,3257,322,6546.130000000002,955,182,10586.66,3766,378,3202.4599999999996,300,84,2551.13,146,46,0.0,11054.22249742002,0.0,10857.22249742002,0.0,10034.22249742002,0.0,9897.22249742002,0.0,1020.0,0.0,960.0,0.0,10034.22249742002,0.0,9897.22249742002,0.0,1020.0,0.0,960.0,0.0,0.0,0.0,0.0
2018-07-09,152,45,349,14,175,31,174,21,271,8,11,16,67,716054.0,359.12,141020.8697809415,412318.0,0.0,61329.67393823926,303736.0,359.12,79691.19584270215,314559.0,317.36,69069.1692692756,150712.0,41.76,36213.83742408262,250783.0,0.0,35737.86308758321,711685.3333333333,254.63940833333336,271730.46976017253,420617.98333333334,291067.35000000003,307380.5,104344.33333333334,299960.5,90,71,14858.379999999994,3880,504,9438.280000000004,3159,322,5420.1,721,182,10074.189999999997,3504,378,2598.24,251,84,2185.95,125,42,24.31,117864.19826035676,186.69,115000.69826035676,24.31,43053.890476190485,32.79,41857.890476190485,0.0,74810.3077841663,153.9,73142.8077841663,24.31,31629.390476190478,186.69,30369.890476190478,0.0,51377.228836797876,0.0,50737.228836797876,0.0,34857.57894736842,0.0,33893.57894736842
2018-07-16,166,57,347,24,190,33,157,26,193,14,84,17,70,785609.5,392.56,124848.25256389631,470105.0,0.0,41445.74129307226,315504.5,392.56,83402.51127082412,322988.5,322.96,64737.21999852573,171180.0,69.6,40633.95711203142,291441.0,0.0,19477.07545333923,711685.3333333333,254.63940833333336,271730.46976017253,420617.98333333334,291067.35000000003,307380.5,104344.33333333334,299960.5,97,78,17143.780000000002,4274,511,10192.590000000006,3352,322,6951.190000000001,922,189,10743.180000000002,3766,378,3688.06,353,91,2712.54,155,42,0.0,97611.12390612485,0.0,95630.12390612485,0.0,32137.196633397565,0.0,31312.196633397565,0.0,65473.92727272727,0.0,64317.92727272727,0.0,24337.19663339756,0.0,23716.19663339756,0.0,47578.32727272727,0.0,46372.32727272727,0.0,25695.6,0.0,25541.6
2018-07-23,192,58,303,27,160,31,143,26,178,17,63,15,62,782868.0,409.72,95534.21003557844,501727.5,0.0,37718.16059935937,281140.5,409.72,57816.04943621909,296953.0,324.76000000000005,50222.275386120586,170110.0,84.95999999999998,34286.45467679895,315805.0,0.0,11025.479972658919,711685.3333333333,254.63940833333336,271730.46976017253,420617.98333333334,291067.35000000003,307380.5,104344.33333333334,299960.5,104,78,17392.630000000005,4566,511,10878.120000000003,3573,322,6514.510000000001,993,189,11483.119999999999,4077,378,3792.1999999999985,367,91,2117.3100000000004,122,42,73.20818181818183,202887.01450768014,154.11818181818182,196471.51450768014,73.20818181818183,101943.62925578031,154.11818181818182,98119.12925578031,0.0,100943.3852518998,0.0,98352.3852518998,73.20818181818183,91312.44464039571,154.11818181818182,87608.94464039571,0.0,80378.56986728442,0.0,78024.56986728442,0.0,31196.0,0.0,30838.0
2018-07-30,211,62,351,34,163,28,188,37,222,9,32,16,97,797436.5,161.57999999999998,159725.73472580052,490933.0,32.6,60021.70853016952,306503.5,128.98,99704.026195631,317293.5,90.82,89921.63654616798,163692.0,70.75999999999999,42725.06222611237,316451.0,0.0,27079.035953520164,711685.3333333333,254.63940833333336,271730.46976017253,420617.98333333334,291067.35000000003,307380.5,104344.33333333334,299960.5,111,79,15360.430000000011,3843,505,9045.760000000013,2979,322,6314.670000000001,864,183,9622.29000000001,3384,372,3450.419999999999,328,91,2287.7200000000003,131,42,124.0,118380.94174741664,173.56,114625.94174741664,0.0,44907.67922748047,18.559999999999995,42973.67922748047,124.0,73473.2625199362,155.0,71652.26251993621,0.0,43563.2230871296,0.0,41760.2230871296,124.0,63497.718660287086,173.56,61665.718660287086,0.0,11320.0,0.0,11200.0
2018-08-06,255,63,537,43,382,20,155,40,367,14,100,9,70,780884.0,494.77,173668.6175305603,484497.0,0.0,95890.33055365682,296387.0,494.77,77778.28697690342,305777.0,402.84999999999997,80522.2979675639,152768.0,91.91999999999997,62699.775124978216,322339.0,0.0,30446.54443801812,711685.3333333333,254.63940833333336,271730.46976017253,420617.98333333334,291067.35000000003,307380.5,104344.33333333334,299960.5,118,78,17413.229999999992,4514,504,10458.990000000003,3495,322,6954.24,1019,182,11534.459999999995,4048,371,3791.2799999999997,346,91,2087.49,120,42,106.84941176470588,229236.55756132415,228.22941176470587,221971.55756132418,106.84941176470588,91172.42523049707,219.8294117647059,88020.42523049707,0.0,138064.13233082707,8.4,133951.13233082707,106.84941176470588,79262.18993637942,219.8294117647059,75609.18993637942,0.0,89316.36762494473,8.4,86116.36762494473,0.0,60658.0,0.0,60246.0
2018-08-13,301,72,453,43,291,29,162,42,290,11,77,19,86,787745.0,456.41999999999996,183883.8067489271,505220.5,72.0,82358.8864139988,282524.5,384.41999999999996,101524.92033492822,294042.0,349.61999999999995,118859.9728338225,155000.0,34.8,31708.77509157509,338703.0,72.0,33315.05882352941,711685.3333333333,254.63940833333336,271730.46976017253,420617.98333333334,291067.35000000003,307380.5,104344.33333333334,299960.5,125,78,15156.369999999997,3838,504,9804.949999999997,3152,322,5351.42,686,182,9486.889999999996,3370,371,3829.76,362,91,1839.72,106,42,0.0,129437.30395105411,44.3,125977.30395105411,0.0,41904.98630399529,0.0,39828.98630399528,0.0,87532.31764705882,44.3,86148.31764705882,0.0,37953.88104083739,28.799999999999997,36283.88104083739,0.0,43416.62291021672,15.5,41910.62291021672,0.0,48066.8,0.0,47782.8
2018-08-20,184,59,362,29,167,30,195,29,193,16,70,14,99,732098.5,441.97999999999996,142196.9899192229,438424.0,0.0,62812.85762936754,293674.5,441.97999999999996,79384.13228985535,304056.5,407.18,84099.4929629284,154620.0,34.8,42404.94508463673,273422.0,0.0,15692.551871657752,711685.3333333333,254.63940833333336,271730.46976017253,420617.98333333334,291067.35000000003,307380.5,104344.33333333334,299960.5,132,73,18047.109999999997,4435,504,9872.919999999991,3327,322,8174.1900000000005,1108,182,10616.649999999989,3816,371,5000.920000000001,481,91,2429.54,138,42,16.8,118813.66666666666,101.43,115001.16666666666,0.0,50216.166666666664,59.43,47962.66666666666,16.8,68597.5,42.0,67038.5,0.0,50936.60196078432,59.43,48248.10196078432,16.8,21245.064705882352,42.0,20383.064705882352,0.0,46632.0,0.0,46370.0
2018-08-27,49,21,129,4,37,17,92,4,37,8,30,9,62,681941.5,278.99999999999994,133059.3765722925,409403.5,0.0,47627.01960835863,272538.0,278.99999999999994,85432.35696393394,298015.5,174.60000000000002,84749.34708495841,136032.0,104.39999999999999,29638.415182340883,247894.0,0.0,18671.61430499325,711685.3333333333,254.63940833333336,271730.46976017253,420617.98333333334,291067.35000000003,307380.5,104344.33333333334,299960.5,139,68,13557.429999999995,3685,504,8981.050000000005,2974,322,4576.380000000001,711,182,9415.840000000002,3330,371,2685.4599999999996,271,91,1456.1299999999999,84,42,14.2,31224.502255639094,31.24,29688.002255639094,14.2,13953.368421052632,31.24,12857.868421052632,0.0,17271.133834586464,0.0,16830.133834586464,14.2,13953.368421052632,31.24,12857.868421052632,0.0,16359.133834586466,0.0,16089.133834586466,0.0,912.0,0.0,741.0
2018-09-03,47,21,111,1,6,20,105,1,6,11,37,9,68,791893.5,838.0900000000001,168739.27948302426,501163.5,24.0,99069.61625562259,290730.0,814.0900000000001,69669.66322740164,304158.5,723.6100000000001,64132.22391320707,147144.0,90.48,18718.537147063464,340591.0,24.0,85888.51842275371,711685.3333333333,254.63940833333336,271730.46976017253,420617.98333333334,291067.35000000003,307380.5,104344.33333333334,299960.5,146,79,13651.319999999998,3555,505,8588.250000000007,2767,322,5063.07,788,183,9059.520000000002,3165,372,3270.08,314,91,1321.7199999999998,76,42,16.8,43574.53408387277,42.0,41281.53408387277,0.0,7322.569377990431,0.0,6143.569377990431,16.8,36251.96470588235,42.0,35137.964705882354,0.0,9567.569377990432,0.0,8130.56937799043,16.8,34006.964705882354,42.0,33150.964705882354,0.0,0.0,0.0,0.0
2018-09-10,292,75,735,40,486,35,249,37,435,16,124,22,176,772828.5,567.93,259822.55194699625,497411.0,0.0,206571.40206395878,275417.5,567.93,53251.14988303749,292925.5,497.60999999999996,50646.82527284488,150528.0,70.32,36117.3324533052,329375.0,0.0,173058.3942208462,711685.3333333333,254.63940833333336,271730.46976017253,420617.98333333334,291067.35000000003,307380.5,104344.33333333334,299960.5,153,77,13529.330000000005,3301,506,7953.990000000004,2465,322,5575.340000000001,836,184,8554.23,2897,373,3369.56,312,91,1605.54,92,42,0.0,63100.67925696595,108.5,60274.67925696595,0.0,4247.0,0.0,3204.0,0.0,58853.67925696595,108.5,57070.67925696595,0.0,12465.0,0.0,11071.0,0.0,50635.67925696595,108.5,49203.67925696595,0.0,0.0,0.0,0.0
2018-09-17,79,27,165,12,91,15,74,13,106,6,21,8,38,745288.5,560.0999999999999,154428.70727298458,457799.0,0.0,105573.20185827541,287489.5,560.0999999999999,48855.50541470913,300648.5,453.53999999999996,51802.74965467968,146430.0,106.56,34426.7986439459,298210.0,0.0,68199.15897435896,711685.3333333333,254.63940833333336,271730.46976017253,420617.98333333334,291067.35000000003,307380.5,104344.33333333334,299960.5,160,74,17512.35,4295,504,11162.759999999991,3360,322,6349.590000000002,935,182,11007.289999999985,3725,371,4755.5199999999995,470,91,1749.5399999999997,100,42,0.0,88805.01797026502,0.0,83406.51797026502,0.0,34918.769230769234,0.0,32050.26923076923,0.0,53886.2487394958,0.0,51356.2487394958,0.0,30048.76923076923,0.0,27634.26923076923,0.0,46559.54285714286,0.0,44619.54285714286,0.0,12196.70588235294,0.0,11152.70588235294
2018-09-24,337,75,938,36,467,39,471,35,477,23,361,17,100,767565.5,318.34000000000003,80089.44382000864,474738.5,87.75,27777.963338828347,292827.0,230.58999999999997,52311.48048118035,300971.5,276.58,50962.30284024544,164660.0,41.76,22851.475698914088,301934.0,0.0,6275.665280849182,711685.3333333333,254.63940833333336,271730.46976017253,420617.98333333334,291067.35000000003,307380.5,104344.33333333334,299960.5,167,76,14464.439999999999,3447,506,8309.42,2629,324,6155.020000000003,818,182,8785.01,2988,373,3674.6600000000003,346,91,2004.77,113,42,25.88,126410.02040054889,132.64000000000001,118882.02040054889,19.88,25442.81189398836,31.24,23497.81189398836,6.0,100967.2085065605,101.4,95384.20850656054,25.88,30086.81189398836,132.64000000000001,27676.81189398836,0.0,62570.53482235,0.0,59918.53482235,0.0,33752.673684210524,0.0,31286.673684210527
2018-10-01,504,111,963,67,538,44,425,56,567,34,278,21,118,741133.5,347.4499999999999,141357.58400845347,447934.5,29.0,62228.51058858134,293199.0,318.45,79129.07341987216,309668.5,211.89000000000007,81893.88308706593,156232.0,135.56,44771.77784446451,275233.0,0.0,14691.923076923078,711685.3333333333,254.63940833333336,271730.46976017253,420617.98333333334,291067.35000000003,307380.5,104344.33333333334,299960.5,174,74,10908.000000000002,2854,502,6857.629999999999,2282,326,4050.3700000000003,572,176,7275.2300000000005,2553,371,2695.0,247,91,937.77,54,40,0.0,84622.88441558441,0.0,82390.38441558441,0.0,6382.757142857143,0.0,5580.257142857143,0.0,78240.12727272727,0.0,76810.12727272727,0.0,9841.757142857143,0.0,8739.257142857143,0.0,71459.12727272727,0.0,70351.12727272727,0.0,3322.0,0.0,3300.0
2018-10-08,300,57,826,12,99,45,727,16,320,22,372,19,134,774380.5,581.9099999999996,121088.01950325217,454337.0,14.5,36049.26065162907,320043.5,567.4099999999996,85038.75885162309,320355.5,422.4499999999999,67522.69035685678,148830.0,159.45999999999998,51648.59230429015,305195.0,0.0,1916.736842105263,711685.3333333333,254.63940833333336,271730.46976017253,420617.98333333334,291067.35000000003,307380.5,104344.33333333334,299960.5,181,77,11491.610000000002,2945,491,7495.710000000004,2445,329,3995.9000000000005,500,162,7529.070000000003,2622,364,2766.54,254,91,1196.0,69,36,0.0,86160.85827577994,0.0,83728.35827577994,0.0,13269.38854489164,0.0,12495.88854489164,0.0,72891.4697308883,0.0,71232.4697308883,0.0,14330.38854489164,0.0,13685.88854489164,0.0,63750.469730888304,0.0,62282.469730888304,0.0,8080.0,0.0,7760.0
2018-10-15,811,101,1187,77,820,24,367,74,806,18,315,9,66,789646.5,656.572,325860.54183919914,468679.0,78.952,232504.8514067976,320967.5,577.6200000000001,93355.69043240152,335211.5,489.06000000000023,95362.59298402946,175072.0,121.05999999999999,39200.09591399313,279363.0,46.452,191297.85294117648,711685.3333333333,254.63940833333336,271730.46976017253,420617.98333333334,291067.35000000003,307380.5,104344.33333333334,299960.5,188,78,12483.069999999998,3258,516,7849.190000000006,2537,329,4633.88,721,187,8294.450000000006,2907,383,2948.4399999999996,280,91,1240.1799999999998,71,42,0.0,109066.4017572211,17.04,105283.90175722109,0.0,28230.18011941619,17.04,26982.68011941619,0.0,80836.22163780493,0.0,78301.22163780493,0.0,23311.18011941619,17.04,22300.68011941619,0.0,74805.22163780493,0.0,73095.22163780492,0.0,10950.0,0.0,9888.0
2018-10-22,198,29,286,4,36,25,250,4,36,12,184,13,66,831743.0,307.66,448934.10671170504,505221.0,49.769999999999996,346541.7091122455,326522.0,257.89,102392.39759945936,338600.0,250.92999999999998,95573.02024430677,180994.0,6.96,66054.08646739808,312149.0,49.769999999999996,287307.0,711685.3333333333,254.63940833333336,271730.46976017253,420617.98333333334,291067.35000000003,307380.5,104344.33333333334,299960.5,195,83,13337.369999999999,3417,511,7810.770000000003,2526,322,5526.6,891,189,8729.410000000002,3044,385,2990.0599999999995,279,84,1617.9,94,42,0.0,178354.06140237473,13.23,173621.06140237473,0.0,42006.18847004389,13.23,40891.68847004389,0.0,136347.87293233082,0.0,132729.37293233082,0.0,45225.68847004389,13.23,43964.68847004389,0.0,90088.37293233085,0.0,87944.37293233085,0.0,43040.0,0.0,41712.0
2018-10-29,131,26,226,10,66,16,160,9,63,9,131,8,32,721854.5,414.13,116881.30179649628,402253.0,35.099999999999994,33035.09707580973,319601.5,379.03000000000003,83846.20472068655,339216.5,327.57000000000005,72262.46328846148,159396.0,86.55999999999999,41216.62674332892,223242.0,0.0,3402.2117647058826,711685.3333333333,254.63940833333336,271730.46976017253,420617.98333333334,291067.35000000003,307380.5,104344.33333333334,299960.5,202,72,12078.26,3162,511,8061.469999999998,2590,322,4016.7900000000004,572,189,7995.959999999998,2813,385,2912.7599999999998,281,84,1169.54,68,42,3.78,115969.54572573969,52.739999999999995,112381.21239240636,3.78,58127.5231693487,52.739999999999995,56085.18983601536,0.0,57842.022556390984,0.0,56296.022556390984,3.78,53384.52316934869,52.739999999999995,51834.189836015365,0.0,36641.02255639098,0.0,35385.02255639098,0.0,25944.0,0.0,25162.0
2018-11-05,38,10,28,5,12,5,16,3,10,4,10,3,8,773393.0,465.3400000000001,136757.23764965683,455946.5,0.0,41742.91848399279,317446.5,465.3400000000001,95014.31916566406,341170.0,323.98,96797.15614045395,150554.0,141.35999999999999,30216.08150920287,281669.0,0.0,9744.0,711685.3333333333,254.63940833333336,271730.46976017253,420617.98333333334,291067.35000000003,307380.5,104344.33333333334,299960.5,209,77,12438.450000000008,3319,511,8093.089999999996,2674,322,4345.36,645,189,8490.739999999993,2984,385,2726.4,264,84,1221.31,71,42,0.0,25278.0,0.0,22808.0,0.0,10469.0,0.0,9843.0,0.0,14809.0,0.0,12965.0,0.0,11330.0,0.0,10584.0,0.0,10268.0,0.0,8944.0,0.0,3680.0,0.0,3280.0
2018-11-12,437,82,287,75,235,7,52,72,271,7,10,3,6,765429.0,419.76000000000005,165951.7480753666,440009.5,36.1,32890.615637909,325419.5,383.66,133061.13243745756,333314.0,351.5,128345.7186302122,153032.0,56.260000000000005,36406.02944515439,279083.0,12.0,1200.0,711685.3333333333,254.63940833333336,271730.46976017253,420617.98333333334,291067.35000000003,307380.5,104344.33333333334,299960.5,216,76,13789.689999999999,3529,511,8502.660000000007,2678,322,5287.030000000002,851,189,8752.710000000005,3108,385,3596.9,338,84,1440.0800000000002,83,42,0.0,166810.4458204334,5.9,161246.9458204334,0.0,42994.7067669173,5.9,40937.70676691729,0.0,123815.73905351617,0.0,120309.23905351617,0.0,39758.70676691729,5.9,38261.20676691729,0.0,74927.18796992481,0.0,72531.18796992481,0.0,52124.55108359133,0.0,50454.55108359133
2018-11-19,397,71,617,50,487,21,130,44,457,14,87,13,73,820998.0,191.85000000000005,281631.40022297204,482622.0,44.1,67289.71320880405,338376.0,147.75000000000003,214341.68701416804,336915.0,184.89000000000007,189271.0545523821,204456.0,6.96,86099.97595345831,279627.0,0.0,6260.3697171317035,711685.3333333333,254.63940833333336,271730.46976017253,420617.98333333334,291067.35000000003,307380.5,104344.33333333334,299960.5,223,82,14275.279999999993,3675,511,8299.380000000006,2768,322,5975.900000000001,907,189,9294.000000000002,3285,385,3075.38,280,84,1905.9,110,42,0.0,113946.09501922227,87.12,117371.09501922227,0.0,17386.782352941176,15.12,16643.782352941176,0.0,96559.31266628107,72.0,100727.31266628107,0.0,18694.782352941176,15.12,17831.782352941176,0.0,65883.31266628108,0.0,64303.31266628108,0.0,29368.0,72.0,35236.0
2018-11-26,634,132,921,87,638,45,283,89,729,18,67,25,125,867223.5,384.94000000000005,144714.68760361552,573876.0,0.0,62104.04469610347,293347.5,384.94000000000005,82610.64290751198,304139.5,298.53999999999996,75837.30142484604,164250.0,86.39999999999999,37860.45986297993,398834.0,0.0,31016.926315789475,711685.3333333333,254.63940833333336,271730.46976017253,420617.98333333334,291067.35000000003,307380.5,104344.33333333334,299960.5,230,86,13155.050000000005,3352,511,8111.260000000005,2631,322,5043.790000000001,721,189,8635.250000000002,2998,385,3306.36,283,84,1213.4399999999998,71,42,0.0,23941.029411764706,78.0,23176.029411764706,0.0,2397.5,78.0,2320.5,0.0,21543.529411764706,0.0,20855.529411764706,0.0,2397.5,78.0,2320.5,0.0,21543.529411764706,0.0,20855.529411764706,0.0,0.0,0.0,0.0
2018-12-03,685,162,1447,120,1052,42,395,115,1184,18,76,29,187,730845.0,489.75000000000006,121249.46566327735,445438.0,26.4,33534.25493180037,285407.0,463.35,87715.210731477,302462.0,399.2700000000001,68944.37870004094,148022.0,90.48,49584.91152463994,280361.0,0.0,2720.1754385964914,711685.3333333333,254.63940833333336,271730.46976017253,420617.98333333334,291067.35000000003,307380.5,104344.33333333334,299960.5,237,73,12119.999999999995,3222,511,7841.790000000003,2634,322,4278.210000000001,588,189,8064.040000000002,2886,385,3057.6,277,84,998.36,59,42,144.0,65708.4009153318,316.5,63512.400915331804,0.0,0.0,0.0,0.0,144.0,65708.4009153318,316.5,63512.400915331804,0.0,0.0,0.0,0.0,0.0,60628.400915331804,46.5,58512.400915331804,144.0,5080.0,270.0,5000.0
2018-12-10,454,119,1112,75,545,44,567,76,842,10,48,33,222,794071.5,331.65,391110.81656341377,479010.0,0.0,265865.5913537802,315061.5,331.65,125245.22520963351,330385.5,282.25000000000006,106538.51665750457,152712.0,49.4,82080.94673957083,310974.0,0.0,202491.35316633832,711685.3333333333,254.63940833333336,271730.46976017253,420617.98333333334,291067.35000000003,307380.5,104344.33333333334,299960.5,244,79,12445.510000000022,3224,511,7900.429999999999,2570,322,4545.080000000002,654,189,8273.679999999998,2886,385,3084.7,275,84,1087.1299999999999,63,42,0.0,20769.196172248805,0.0,20216.196172248805,0.0,658.0,0.0,637.0,0.0,20111.196172248805,0.0,19579.196172248805,0.0,658.0,0.0,637.0,0.0,20111.196172248805,0.0,19579.196172248805,0.0,0.0,0.0,0.0
2018-12-17,679,134,1317,91,765,43,552,95,1084,8,25,31,208,832778.0,438.52000000000004,272028.9937621002,504284.5,34.88000000000001,136049.7203844233,328493.5,403.64,135979.2733776768,328843.0,348.0400000000002,123174.77178221343,167694.0,90.47999999999999,68639.42197988668,336241.0,0.0,80214.8,711685.3333333333,254.63940833333336,271730.46976017253,420617.98333333334,291067.35000000003,307380.5,104344.33333333334,299960.5,251,83,15570.81000000002,3770,511,9323.620000000003,2962,322,6247.19,808,189,9327.210000000001,3272,385,4583.26,400,84,1660.34,98,42,0.0,150482.3794366624,0.0,141551.3794366624,0.0,46900.80740869038,0.0,43413.80740869038,0.0,103581.57202797201,0.0,98137.57202797201,0.0,39648.56125484423,0.0,37087.56125484423,0.0,70261.81818181818,0.0,66073.81818181818,0.0,40572.0,0.0,38390.0
2018-12-24,709,135,1283,88,963,47,320,77,909,25,156,33,218,826870.5,455.90599999999984,122729.61945174226,518972.5,23.226,39756.81132551659,307898.0,432.67999999999984,82972.80812622567,321573.5,418.7599999999998,88715.53110788799,158488.0,13.92,17214.825185959555,346809.0,23.226,16799.263157894737,711685.3333333333,254.63940833333336,271730.46976017253,420617.98333333334,291067.35000000003,307380.5,104344.33333333334,299960.5,258,82,10452.050000000001,2820,511,6958.200000000001,2314,322,3493.8500000000004,506,189,7350.93,2564,385,2274.1200000000003,208,84,827.0,48,42,62.0,51328.05148674855,232.5,50517.55148674855,0.0,11495.494343891403,0.0,11137.494343891403,62.0,39832.55714285714,232.5,39380.05714285714,0.0,12149.994343891403,0.0,11739.494343891403,62.0,29098.057142857142,232.5,28778.057142857142,0.0,10080.0,0.0,10000.0
2018-12-31,394,98,1075,60,799,38,276,44,554,18,261,36,260,758962.0,211.3,280422.4656084751,458462.0,0.0,157414.240791084,300500.0,211.3,123008.22481739109,306606.0,189.74,121121.38837333977,144172.0,21.56,41029.214611825104,308184.0,0.0,118271.8626233102,711685.3333333333,254.63940833333336,271730.46976017253,420617.98333333334,291067.35000000003,307380.5,104344.33333333334,299960.5,265,75,15051.11,3679,511,8339.99,2667,322,6711.120000000001,1012,189,9135.29,3132,385,4704.1,477,84,1211.72,70,42,0.0,127069.64567434629,0.0,118985.14567434629,0.0,27990.39027113238,0.0,25930.89027113238,0.0,99079.2554032139,0.0,93054.2554032139,0.0,27843.39027113238,0.0,26056.89027113238,0.0,76898.25540321392,0.0,71964.25540321392,0.0,22328.0,0.0,20964.0
2019-01-07,396,64,746,37,358,27,388,40,557,3,32,21,157,792829.5,352.75999999999993,212217.93296734206,503938.0,129.15,100412.30927318297,288891.5,223.6100000000001,111805.62369415931,297350.5,248.25000000000006,91101.02782212629,165994.0,21.56,85770.23847854933,329485.0,82.95,35346.66666666667,711685.3333333333,254.63940833333336,271730.46976017253,420617.98333333334,291067.35000000003,307380.5,104344.33333333334,299960.5,272,79,16886.739999999994,4220,511,9958.100000000008,3199,322,6928.640000000001,1021,189,10353.620000000004,3618,385,4856.679999999999,503,84,1676.4399999999998,99,42,0.0,347280.51652527024,115.13,336101.0165252703,0.0,122383.12413520433,73.13,118111.62413520431,0.0,224897.3923900661,42.0,217989.3923900661,0.0,88262.32413520433,73.13,84692.82413520433,0.0,146863.52572339942,42.0,142341.52572339942,0.0,112154.66666666667,0.0,109066.66666666667
2019-01-14,619,160,2123,85,756,75,1367,101,1615,22,168,37,340,795923.0,28.91,237909.09048758258,514802.5,0.0,91975.23809420713,281120.5,28.91,145933.8523933755,305619.0,28.91,133283.95205058102,151338.0,0.0,48655.9202551834,338966.0,0.0,55969.218181818185,711685.3333333333,254.63940833333336,271730.46976017253,420617.98333333334,291067.35000000003,307380.5,104344.33333333334,299960.5,279,79,21174.500000000004,5112,511,10616.0,3457,322,10558.500000000002,1655,189,11915.329999999996,4218,385,6777.02,746,84,2482.15,148,42,268.03636363636366,152969.09384124653,931.0963636363638,141629.99384124653,0.0,10285.591767881242,4.42,9659.591767881242,268.03636363636366,142683.50207336526,926.6763636363637,131970.40207336523,0.0,15824.591767881242,57.22,14079.091767881242,268.03636363636366,66086.68389154704,873.8763636363637,61727.08389154704,0.0,71057.81818181818,0.0,65823.81818181818
2019-01-21,506,135,1117,86,796,49,321,79,742,8,63,48,312,820782.0,227.25,195811.193557257,497064.0,3.6,73946.7561319889,323718.0,223.65,121864.43742526823,336320.0,206.36999999999998,109025.95952468582,145254.0,20.88,24229.17265149711,339208.0,0.0,62556.06138107417,711685.3333333333,254.63940833333336,271730.46976017253,420617.98333333334,291067.35000000003,307380.5,104344.33333333334,299960.5,286,82,19242.650000000005,4503,511,9605.490000000002,2947,322,9637.159999999998,1556,189,10782.95,3657,385,7047.439999999998,764,84,1412.26,82,42,211.89000000000001,106534.46137536353,689.78,99277.46137536353,127.89000000000001,40025.72982456141,210.98000000000002,37416.72982456141,84.0,66508.73155080213,478.8,61860.73155080214,127.89000000000001,40025.72982456141,210.98000000000002,37416.72982456141,84.0,39708.73155080214,352.8,36140.73155080214,0.0,26800.0,126.0,25720.0
2019-01-28,559,103,938,80,708,23,230,79,736,4,11,20,191,768329.5,431.3299999999998,133944.13897581314,452131.0,30.599999999999998,52564.60377341957,316198.5,400.72999999999985,81379.5352023935,333665.5,377.64999999999986,79871.19251876137,135936.0,53.68,12310.42014126225,298728.0,0.0,41762.52631578947,711685.3333333333,254.63940833333336,271730.46976017253,420617.98333333334,291067.35000000003,307380.5,104344.33333333334,299960.5,293,76,21205.669999999995,5163,511,12548.009999999998,3802,322,8657.660000000002,1361,189,12298.94999999999,4245,385,7656.5599999999995,845,84,1250.16,73,42,22.1,114299.8380952381,236.66000000000003,108245.3380952381,22.1,37001.83809523809,35.36,35341.33809523809,0.0,77298.0,201.3,72904.0,22.1,32187.83809523809,50.36,30873.338095238094,0.0,47144.0,186.3,43012.0,0.0,34968.0,0.0,34360.0
2019-02-04,447,142,1466,78,955,64,511,94,1210,3,12,45,244,831042.5,116.53,235614.62249025484,514873.0,16.5,61668.06763649147,316169.5,100.03,173946.55485376331,322807.5,84.67,150617.8651415149,156894.0,15.36,39315.747652553844,351341.0,16.5,45681.00969618616,711685.3333333333,254.63940833333336,271730.46976017253,420617.98333333334,291067.35000000003,307380.5,104344.33333333334,299960.5,300,83,14921.84,3753,511,8873.650000000001,2961,322,6048.19,792,189,9159.92,3253,385,4352.48,418,84,1409.44,82,42,0.0,38857.81517429938,57.5,36317.81517429939,0.0,3513.900888585099,0.0,3321.900888585099,0.0,35343.91428571429,57.5,32995.91428571429,0.0,3513.900888585099,0.0,3321.900888585099,0.0,24263.914285714283,57.5,22395.914285714283,0.0,11080.0,0.0,10600.0
2019-02-11,803,165,1514,104,994,61,520,112,1212,10,40,43,262,763003.5,68.97,342980.96635222365,459513.5,0.0,208860.71615268118,303490.0,68.97,134120.25019954247,313141.5,68.97,113819.80141499366,150172.0,0.0,34327.16493722995,299690.0,0.0,194834.0,711685.3333333333,254.63940833333336,271730.46976017253,420617.98333333334,291067.35000000003,307380.5,104344.33333333334,299960.5,307,76,15409.149999999992,4059,511,10059.039999999992,3262,322,5350.109999999999,797,189,10077.069999999989,3593,385,4231.82,399,84,1100.2599999999998,67,42,0.0,7027.590909090909,0.0,6773.090909090909,0.0,615.5909090909091,0.0,549.0909090909091,0.0,6412.0,0.0,6224.0,0.0,615.5909090909091,0.0,549.0909090909091,0.0,3772.0,0.0,3632.0,0.0,2640.0,0.0,2592.0
2019-02-18,208,70,451,26,185,44,266,31,270,4,9,35,172,842891.5,159.25,360744.05479077157,529724.0,58.7,255727.26167341432,313167.5,100.55000000000001,105016.79311735742,327297.5,123.28999999999999,90414.0783531742,150482.0,35.96,23582.24310426416,365112.0,0.0,246747.73333333337,711685.3333333333,254.63940833333336,271730.46976017253,420617.98333333334,291067.35000000003,307380.5,104344.33333333334,299960.5,314,84,11192.250000000005,3212,511,7499.780000000002,2575,322,3692.4700000000007,637,189,8169.65,2942,385,2122.8799999999997,217,84,899.7199999999999,53,42,0.0,10900.0,0.0,10780.0,0.0,0.0,0.0,0.0,0.0,10900.0,0.0,10780.0,0.0,0.0,0.0,0.0,0.0,10900.0,0.0,10780.0,0.0,0.0,0.0,0.0
2019-02-25,438,65,365,47,196,18,169,50,255,1,1,14,109,866690.0,718.5199999999998,199244.73096659262,556872.5,42.06,123239.87660165921,309817.5,676.4599999999998,76004.8543649333,320097.0,669.7999999999998,60440.858501972754,154848.0,48.72,31271.249276213985,391745.0,0.0,107532.62318840579,711685.3333333333,254.63940833333336,271730.46976017253,420617.98333333334,291067.35000000003,307380.5,104344.33333333334,299960.5,321,86,13605.189999999991,3698,510,8170.290000000003,2876,322,5434.9,822,188,8906.73,3313,384,3337.56,306,84,1360.8999999999999,79,42,0.0,12930.909090909092,0.0,12626.909090909092,0.0,0.0,0.0,0.0,0.0,12930.909090909092,0.0,12626.909090909092,0.0,0.0,0.0,0.0,0.0,12930.909090909092,0.0,12626.909090909092,0.0,0.0,0.0,0.0
2019-03-04,196,54,588,44,335,10,253,42,508,7,58,5,22,896562.0,382.08000000000004,176065.20381340964,562465.5,0.0,82018.93959229624,334096.5,382.08000000000004,94046.26422111341,353269.0,354.24,78223.00230160875,170882.0,27.84,35046.47423907362,372411.0,0.0,62795.72727272727,711685.3333333333,254.63940833333336,271730.46976017253,420617.98333333334,291067.35000000003,307380.5,104344.33333333334,299960.5,328,89,13026.989999999998,3429,518,7866.429999999998,2638,328,5160.560000000002,791,190,8512.759999999997,3055,379,2905.9200000000005,280,90,1608.31,94,49,0.0,30698.26016042781,0.0,30304.26016042781,0.0,23018.26016042781,0.0,22672.26016042781,0.0,7680.0,0.0,7632.0,0.0,15781.695454545454,0.0,15471.695454545454,0.0,7236.564705882352,0.0,7200.564705882352,0.0,7680.0,0.0,7632.0
2019-03-11,653,91,647,73,520,18,127,72,536,6,50,13,61,891206.0,185.74,285052.81930447405,585807.5,8.100000000000001,184390.5736682732,305398.5,177.64,100662.24563620075,317819.0,170.38,73200.36265298168,165796.0,15.36,40441.88522292083,407591.0,0.0,171410.57142857142,711685.3333333333,254.63940833333336,271730.46976017253,420617.98333333334,291067.35000000003,307380.5,104344.33333333334,299960.5,335,89,14745.62,3822,522,8438.709999999995,2880,326,6306.910000000001,942,196,9752.799999999994,3428,385,3252.5599999999995,293,88,1740.2599999999998,101,49,0.0,101470.97785340698,11.34,100169.97785340698,0.0,89577.21698384175,11.34,88549.71698384175,0.0,11893.760869565218,0.0,11620.260869565218,0.0,79595.06334336459,11.34,78482.06334336459,0.0,17321.91451004239,0.0,17155.91451004239,0.0,4554.0,0.0,4532.0
2019-03-18,128,23,360,15,102,8,258,17,330,1,12,5,18,849201.0,32.44,650301.2875057351,538197.0,21.6,445786.3692861834,311004.0,10.84,204514.91821955127,314525.0,32.44,159638.89135018745,163832.0,0.0,75015.21433736543,370844.0,0.0,415647.1818181818,711685.3333333333,254.63940833333336,271730.46976017253,420617.98333333334,291067.35000000003,307380.5,104344.33333333334,299960.5,342,84,16868.499999999996,4196,522,9872.819999999992,3240,322,6995.68,956,200,10451.419999999993,3669,389,4591.0,421,84,1826.08,106,49,95.13,123503.95280112045,243.95,118763.45280112045,95.13,71711.09565826331,223.55,68718.5956582633,0.0,51792.857142857145,20.4,50044.857142857145,95.13,34570.295658263305,243.95,32537.795658263305,0.0,64564.8,0.0,62878.8,0.0,24368.85714285714,0.0,23346.85714285714
2019-03-25,1230,128,806,100,610,28,196,93,639,18,115,17,52,917533.5,326.11,559326.2753014857,596017.0,3.6,431471.30234531924,321516.5,322.51000000000005,127854.97295616618,341461.5,319.15000000000003,97026.45499950982,148134.0,6.96,62359.59473806581,427938.0,0.0,399940.2255639098,711685.3333333333,254.63940833333336,271730.46976017253,420617.98333333334,291067.35000000003,307380.5,104344.33333333334,299960.5,349,91,14938.179999999988,3936,555,9144.750000000004,3051,350,5793.430000000002,885,205,10073.460000000005,3527,422,3022.5400000000004,303,84,1842.1799999999998,106,49,57.03285714285714,194512.6084980551,229.58619047619044,186030.1084980551,57.03285714285714,98924.34407362503,140.98619047619047,95118.84407362503,0.0,95588.26442443008,88.6,90911.26442443008,57.03285714285714,101151.34407362503,140.98619047619047,96564.84407362503,0.0,42336.76442443006,33.6,40816.76442443006,0.0,51024.5,55.0,48648.5
2019-04-01,2257,274,1679,208,1114,66,565,211,1467,30,132,33,80,836271.0,325.40000000000003,190623.9159383489,504342.0,4.8,97515.97616125293,331929.0,320.6,93107.93977709595,352935.0,304.52000000000004,78439.25611076232,149042.0,20.88,44147.6598275866,334294.0,0.0,68037.0,711685.3333333333,254.63940833333336,271730.46976017253,420617.98333333334,291067.35000000003,307380.5,104344.33333333334,299960.5,356,83,17337.269999999997,4340,559,10083.170000000002,3251,354,7254.1,1089,205,11675.569999999996,3863,431,3504.7999999999997,355,84,2156.9,122,44,19.85,205518.71382868936,564.3781818181818,195221.8501923257,19.85,134296.71382868936,174.9781818181818,128851.85019232574,0.0,71222.0,389.4,66370.0,19.85,119332.89832066798,278.37818181818176,113091.03468430435,0.0,57689.81550802139,70.0,56351.81550802139,0.0,28496.0,216.0,25779.0
2019-04-08,956,100,763,78,629,22,134,73,571,16,138,11,54,838412.0,626.14,146586.6184628625,482469.0,29.0,28193.130299941902,355943.0,597.14,118393.48816292056,375737.0,568.0999999999999,100832.00781231145,156390.0,42.44,45373.741085333655,306285.0,15.6,380.8695652173913,711685.3333333333,254.63940833333336,271730.46976017253,420617.98333333334,291067.35000000003,307380.5,104344.33333333334,299960.5,363,83,18083.74999999998,4370,566,9135.960000000001,3067,357,8947.789999999997,1303,209,11615.639999999998,3863,434,3161.6200000000003,320,84,3306.4900000000002,187,48,9.46,153361.15335397315,1188.68,144036.15335397315,9.46,95623.45335397318,39.08,92860.45335397318,0.0,57737.7,1149.6,51175.7,9.46,98369.38276573787,528.68,93884.38276573787,0.0,25433.270588235293,0.0,24481.270588235293,0.0,29558.5,660.0,25670.5
